<?xml version = "1.0" encoding = "utf-8"?>
<!DOCTYPE hibernate-mapping PUBLIC 
"-//Hibernate/Hibernate Mapping DTD//EN"
"http://www.hibernate.org/dtd/hibernate-mapping-3.0.dtd"> 

<hibernate-mapping>
   <class name = "com.hibernate.entities.User" table = "user">
      
      <meta attribute = "class-description">
         This class contains t he employee detail. 
      </meta>
      
      <id name = "id" type = "int" column = "id">
         <generator class="identity"/>
      </id>
      
      <property name = "username" column = "username" type = "string"/>
      <property name = "pass" column = "pass" type = "string"/>
   </class>
</hibernate-mapping>